{
  "manifestVersion": 5,
  "id": "DWFiv3.HewittStroage",
  "name": "DWFiv3's Hewitt Storage Tracks",
  "version": "1.0.1",
  "updateUrl": "https://raw.githubusercontent.com/DWFiv3/HewittStroage/refs/heads/main/update/update.json",
  "conflictsWith": [
    "DW5.HewittStroage"
  ],
  "requires": [
    {
      "id": "railloader",
      "notBefore": "1.8.2.1"
    },
    {
      "id": "Zamu.StrangeCustoms",
      "notBefore": "1.7.24194.2259"
    }
  ],
  "mixintos": {
    "game-graph": "file(DW5HewittStorage.json)"
  }
}